SET NAMES utf8mb4;
SET CHARACTER SET utf8mb4;
SET collation_connection = utf8mb4_unicode_ci;

INSERT INTO `crm_private_sea_config` (`config_type`, `role_id`, `role_name`, `max_customer_count`, `max_lead_count`, `auto_recycle_days`, `is_enabled`, `description`, `sort_order`) VALUES
(1, NULL, NULL, 100, 200, 30, 1, '全局默认配置：客户上限100，线索上限200，30天未跟进自动回收', 1),
(2, 1, '超级管理员', 500, 1000, 60, 1, '超级管理员配置：客户上限500，线索上限1000，60天未跟进自动回收', 2),
(2, 2, '销售经理', 200, 400, 30, 1, '销售经理配置：客户上限200，线索上限400，30天未跟进自动回收', 3),
(2, 3, '销售代表', 50, 100, 15, 1, '销售代表配置：客户上限50，线索上限100，15天未跟进自动回收', 4),
(2, 4, '销售实习生', 20, 50, 7, 1, '销售实习生配置：客户上限20，线索上限50，7天未跟进自动回收', 5),
(2, 5, '销售总监', 300, 600, 45, 1, '销售总监配置：客户上限300，线索上限600，45天未跟进自动回收', 6);

INSERT INTO `crm_public_sea_rule` (`rule_name`, `rule_type`, `rotate_days`, `claim_limit_per_day`, `claim_limit_per_week`, `auto_recycle_enabled`, `auto_recycle_days`, `is_enabled`, `description`, `sort_order`) VALUES
('默认公海规则', 1, 7, 10, 50, 1, 30, 1, '先抢先得模式：每日最多认领10条，每周最多50条，30天未跟进自动回收到公海', 1),
('定期轮换规则', 2, 7, 5, 30, 1, 15, 0, '定期轮换模式：每7天轮换一次，每日最多认领5条，每周最多30条，15天未跟进自动回收', 2),
('高级销售专属规则', 1, 14, 20, 100, 1, 45, 0, '高级销售专属规则：每日最多认领20条，每周最多100条，45天未跟进自动回收', 3),
('新人保护规则', 1, 30, 15, 75, 1, 20, 0, '新人保护规则：每日最多认领15条，每周最多75条，20天未跟进自动回收', 4);

INSERT INTO `crm_transfer_record` (`transfer_no`, `transfer_type`, `transfer_type_name`, `from_user_id`, `from_user_name`, `to_user_id`, `to_user_name`, `transfer_method`, `customer_count`, `lead_count`, `contract_count`, `follow_count`, `status`, `reason`, `remark`, `operator_id`, `operator_name`) VALUES
('TR20260420000001', 1, '离职回收', 2, '张三', 3, '李四', 1, 5, 12, 0, 8, 1, '张三离职，资源转移', '系统自动转移', 1, '管理员'),
('TR20260420000002', 1, '离职回收', 4, '王五', 5, '赵六', 1, 3, 8, 0, 5, 1, '王五离职，资源转移', '系统自动转移', 1, '管理员'),
('TR20260421000003', 2, '手动转移', 3, '李四', 5, '赵六', 1, 2, 5, 0, 3, 1, '李四调岗，部分资源转移', '手动分配', 1, '管理员'),
('TR20260421000004', 3, '自动回收', 6, '孙七', NULL, NULL, 3, 0, 3, 0, 0, 1, '长期未跟进，自动回收到公海', '系统自动回收', 1, '管理员'),
('TR20260422000005', 4, '调岗转移', 5, '赵六', 3, '李四', 1, 4, 7, 0, 6, 1, '赵六调岗至其他部门', '调岗转移', 1, '管理员'),
('TR20260422000006', 1, '离职回收', 7, '周八', 3, '李四', 1, 6, 15, 0, 10, 1, '周八离职，资源转移', '系统自动转移', 1, '管理员'),
('TR20260423000007', 2, '手动转移', 3, '李四', 5, '赵六', 2, 1, 3, 0, 2, 1, '手动分配客户给赵六跟进', '手动分配', 1, '管理员'),
('TR20260423000008', 1, '离职回收', 8, '吴九', 3, '李四', 1, 4, 9, 0, 7, 1, '吴九离职，资源转移', '系统自动转移', 1, '管理员'),
('TR20260424000009', 4, '调岗转移', 5, '赵六', 7, '周八', 1, 3, 6, 0, 4, 1, '赵六调岗，资源转移给周八', '调岗转移', 1, '管理员'),
('TR20260424000010', 2, '手动转移', 3, '李四', 5, '赵六', 3, 0, 2, 0, 0, 1, '移入公海', '手动移入公海', 1, '管理员'),
('TR20260424000011', 1, '离职回收', 9, '郑十', 3, '李四', 1, 7, 18, 0, 12, 1, '郑十离职，资源转移', '系统自动转移', 1, '管理员'),
('TR20260424000012', 3, '自动回收', 10, '陈十一', NULL, NULL, 3, 0, 5, 0, 0, 1, '长期未跟进，自动回收到公海', '系统自动回收', 1, '管理员'),
('TR20260425000013', 2, '手动转移', 5, '赵六', 3, '李四', 1, 2, 4, 0, 3, 1, '赵六申请调岗，资源转移', '手动分配', 1, '管理员'),
('TR20260425000014', 1, '离职回收', 11, '钱十二', 5, '赵六', 1, 5, 10, 0, 8, 1, '钱十二离职，资源转移', '系统自动转移', 1, '管理员'),
('TR20260425000015', 4, '调岗转移', 3, '李四', 5, '赵六', 1, 3, 7, 0, 5, 1, '李四调岗至销售一部', '调岗转移', 1, '管理员'),
('TR20260425000016', 2, '手动转移', 5, '赵六', 3, '李四', 2, 1, 2, 0, 1, 1, '赵六请求支援，转移客户给李四', '手动分配', 1, '管理员'),
('TR20260425000017', 1, '离职回收', 12, '孙十三', 3, '李四', 1, 8, 20, 0, 14, 1, '孙十三离职，资源转移', '系统自动转移', 1, '管理员'),
('TR20260425000018', 3, '自动回收', 13, '周十四', NULL, NULL, 3, 0, 4, 0, 0, 1, '长期未跟进，自动回收到公海', '系统自动回收', 1, '管理员'),
('TR20260425000019', 4, '调岗转移', 3, '李四', 5, '赵六', 1, 4, 8, 0, 6, 1, '李四调岗，资源转移给赵六', '调岗转移', 1, '管理员'),
('TR20260425000020', 2, '手动转移', 5, '赵六', 3, '李四', 3, 0, 3, 0, 0, 1, '移入公海', '手动移入公海', 1, '管理员'),
('TR20260425000021', 1, '离职回收', 14, '吴十五', 5, '赵六', 1, 6, 14, 0, 10, 1, '吴十五离职，资源转移', '系统自动转移', 1, '管理员'),
('TR20260425000022', 2, '手动转移', 3, '李四', 5, '赵六', 1, 2, 5, 0, 4, 1, '手动分配客户给赵六', '手动分配', 1, '管理员'),
('TR20260425000023', 4, '调岗转移', 5, '赵六', 3, '李四', 1, 5, 11, 0, 8, 1, '赵六调岗，资源转移给李四', '调岗转移', 1, '管理员'),
('TR20260425000024', 1, '离职回收', 15, '郑十六', 3, '李四', 1, 9, 22, 0, 16, 1, '郑十六离职，资源转移', '系统自动转移', 1, '管理员'),
('TR20260425000025', 3, '自动回收', 16, '陈十七', NULL, NULL, 3, 0, 6, 0, 0, 1, '长期未跟进，自动回收到公海', '系统自动回收', 1, '管理员'),
('TR20260425000026', 2, '手动转移', 3, '李四', 5, '赵六', 2, 1, 3, 0, 2, 1, '手动分配客户给赵六跟进', '手动分配', 1, '管理员'),
('TR20260425000027', 1, '离职回收', 17, '钱十八', 5, '赵六', 1, 7, 16, 0, 11, 1, '钱十八离职，资源转移', '系统自动转移', 1, '管理员'),
('TR20260425000028', 4, '调岗转移', 5, '赵六', 3, '李四', 1, 3, 6, 0, 4, 1, '赵六调岗至销售二部', '调岗转移', 1, '管理员'),
('TR20260425000029', 2, '手动转移', 3, '李四', 5, '赵六', 3, 0, 2, 0, 0, 1, '移入公海', '手动移入公海', 1, '管理员'),
('TR20260425000030', 1, '离职回收', 18, '孙十九', 3, '李四', 1, 10, 25, 0, 18, 1, '孙十九离职，资源转移', '系统自动转移', 1, '管理员'),
('TR20260425000031', 3, '自动回收', 19, '周二十', NULL, NULL, 3, 0, 3, 0, 0, 1, '长期未跟进，自动回收到公海', '系统自动回收', 1, '管理员'),
('TR20260425000032', 2, '手动转移', 5, '赵六', 3, '李四', 1, 2, 4, 0, 3, 1, '手动分配客户给李四', '手动分配', 1, '管理员'),
('TR20260425000033', 1, '离职回收', 20, '吴廿一', 5, '赵六', 1, 8, 19, 0, 13, 1, '吴廿一离职，资源转移', '系统自动转移', 1, '管理员');

INSERT INTO `crm_transfer_detail` (`record_id`, `transfer_no`, `resource_type`, `resource_type_name`, `resource_id`, `resource_no`, `resource_name`, `from_user_id`, `from_user_name`, `to_user_id`, `to_user_name`, `transfer_status`, `transfer_time`) VALUES
(1, 'TR20260420000001', 1, '客户', 1, 'CUS20260424001', '航天科技集团有限公司', 2, '张三', 3, '李四', 1, NOW()),
(1, 'TR20260420000001', 1, '客户', 2, 'CUS20260424002', '国家电网有限公司', 2, '张三', 3, '李四', 1, NOW()),
(1, 'TR20260420000001', 1, '客户', 3, 'CUS20260424003', '华为技术有限公司', 2, '张三', 3, '李四', 1, NOW()),
(1, 'TR20260420000001', 2, '线索', 1, 'LD20260424001', '北京科技有限公司', 2, '张三', 3, '李四', 1, NOW()),
(1, 'TR20260420000001', 2, '线索', 2, 'LD20260424002', '上海贸易有限公司', 2, '张三', 3, '李四', 1, NOW()),
(2, 'TR20260420000002', 1, '客户', 4, 'CUS20260424004', '阿里巴巴集团控股有限公司', 4, '王五', 5, '赵六', 1, NOW()),
(2, 'TR20260420000002', 1, '客户', 5, 'CUS20260424005', '腾讯控股有限公司', 4, '王五', 5, '赵六', 1, NOW()),
(2, 'TR20260420000002', 2, '线索', 3, 'LD20260424003', '广州电子科技有限公司', 4, '王五', 5, '赵六', 1, NOW()),
(3, 'TR20260421000003', 1, '客户', 3, 'CUS20260424003', '华为技术有限公司', 3, '李四', 5, '赵六', 1, NOW()),
(3, 'TR20260421000003', 2, '线索', 1, 'LD20260424001', '北京科技有限公司', 3, '李四', 5, '赵六', 1, NOW()),
(5, 'TR20260422000005', 1, '客户', 4, 'CUS20260424004', '阿里巴巴集团控股有限公司', 5, '赵六', 3, '李四', 1, NOW()),
(5, 'TR20260422000005', 2, '线索', 3, 'LD20260424003', '广州电子科技有限公司', 5, '赵六', 3, '李四', 1, NOW()),
(6, 'TR20260422000006', 1, '客户', 6, 'CUS20260424006', '字节跳动有限公司', 7, '周八', 3, '李四', 1, NOW()),
(6, 'TR20260422000006', 1, '客户', 7, 'CUS20260424007', '美团有限公司', 7, '周八', 3, '李四', 1, NOW()),
(6, 'TR20260422000006', 2, '线索', 4, 'LD20260424004', '深圳软件开发有限公司', 7, '周八', 3, '李四', 1, NOW()),
(8, 'TR20260423000008', 1, '客户', 8, 'CUS20260424008', '京东集团股份有限公司', 8, '吴九', 3, '李四', 1, NOW()),
(8, 'TR20260423000008', 2, '线索', 5, 'LD20260424005', '杭州互联网科技有限公司', 8, '吴九', 3, '李四', 1, NOW()),
(9, 'TR20260424000009', 1, '客户', 6, 'CUS20260424006', '字节跳动有限公司', 5, '赵六', 7, '周八', 1, NOW()),
(9, 'TR20260424000009', 2, '线索', 4, 'LD20260424004', '深圳软件开发有限公司', 5, '赵六', 7, '周八', 1, NOW()),
(11, 'TR20260424000011', 1, '客户', 9, 'CUS20260424009', '小米科技有限责任公司', 9, '郑十', 3, '李四', 1, NOW()),
(11, 'TR20260424000011', 1, '客户', 10, 'CUS20260424010', '百度在线网络技术（北京）有限公司', 9, '郑十', 3, '李四', 1, NOW()),
(11, 'TR20260424000011', 2, '线索', 6, 'LD20260424006', '南京信息技术有限公司', 9, '郑十', 3, '李四', 1, NOW()),
(14, 'TR20260425000014', 1, '客户', 11, 'CUS20260424011', '网易（杭州）网络有限公司', 11, '钱十二', 5, '赵六', 1, NOW()),
(14, 'TR20260425000014', 2, '线索', 7, 'LD20260424007', '武汉科技发展有限公司', 11, '钱十二', 5, '赵六', 1, NOW()),
(15, 'TR20260425000015', 1, '客户', 4, 'CUS20260424004', '阿里巴巴集团控股有限公司', 3, '李四', 5, '赵六', 1, NOW()),
(15, 'TR20260425000015', 2, '线索', 3, 'LD20260424003', '广州电子科技有限公司', 3, '李四', 5, '赵六', 1, NOW()),
(17, 'TR20260425000017', 1, '客户', 12, 'CUS20260424012', '滴滴出行科技有限公司', 12, '孙十三', 3, '李四', 1, NOW()),
(17, 'TR20260425000017', 1, '客户', 13, 'CUS20260424013', '拼多多信息技术有限公司', 12, '孙十三', 3, '李四', 1, NOW()),
(17, 'TR20260425000017', 2, '线索', 8, 'LD20260424008', '成都软件服务有限公司', 12, '孙十三', 3, '李四', 1, NOW()),
(19, 'TR20260425000019', 1, '客户', 5, 'CUS20260424005', '腾讯控股有限公司', 3, '李四', 5, '赵六', 1, NOW()),
(19, 'TR20260425000019', 2, '线索', 2, 'LD20260424002', '上海贸易有限公司', 3, '李四', 5, '赵六', 1, NOW()),
(21, 'TR20260425000021', 1, '客户', 14, 'CUS20260424014', '理想汽车有限公司', 14, '吴十五', 5, '赵六', 1, NOW()),
(21, 'TR20260425000021', 1, '客户', 15, 'CUS20260424015', '蔚来汽车有限公司', 14, '吴十五', 5, '赵六', 1, NOW()),
(21, 'TR20260425000021', 2, '线索', 9, 'LD20260424009', '重庆信息技术有限公司', 14, '吴十五', 5, '赵六', 1, NOW()),
(23, 'TR20260425000023', 1, '客户', 6, 'CUS20260424006', '字节跳动有限公司', 5, '赵六', 3, '李四', 1, NOW()),
(23, 'TR20260425000023', 2, '线索', 4, 'LD20260424004', '深圳软件开发有限公司', 5, '赵六', 3, '李四', 1, NOW()),
(24, 'TR20260425000024', 1, '客户', 16, 'CUS20260424016', '小鹏汽车有限公司', 15, '郑十六', 3, '李四', 1, NOW()),
(24, 'TR20260425000024', 1, '客户', 17, 'CUS20260424017', '哔哩哔哩科技有限公司', 15, '郑十六', 3, '李四', 1, NOW()),
(24, 'TR20260425000024', 2, '线索', 10, 'LD20260424010', '天津科技有限公司', 15, '郑十六', 3, '李四', 1, NOW()),
(27, 'TR20260425000027', 1, '客户', 18, 'CUS20260424018', '快手科技有限公司', 17, '钱十八', 5, '赵六', 1, NOW()),
(27, 'TR20260425000027', 1, '客户', 19, 'CUS20260424019', '携程计算机技术（上海）有限公司', 17, '钱十八', 5, '赵六', 1, NOW()),
(27, 'TR20260425000027', 2, '线索', 11, 'LD20260424011', '西安软件服务有限公司', 17, '钱十八', 5, '赵六', 1, NOW()),
(30, 'TR20260425000030', 1, '客户', 20, 'CUS20260424020', '同程旅行信息技术有限公司', 18, '孙十九', 3, '李四', 1, NOW()),
(30, 'TR20260425000030', 1, '客户', 21, 'CUS20260424021', '小桔科技有限公司', 18, '孙十九', 3, '李四', 1, NOW()),
(30, 'TR20260425000030', 2, '线索', 12, 'LD20260424012', '郑州信息技术有限公司', 18, '孙十九', 3, '李四', 1, NOW()),
(33, 'TR20260425000033', 1, '客户', 22, 'CUS20260424022', '拉扎斯网络科技（上海）有限公司', 20, '吴廿一', 5, '赵六', 1, NOW()),
(33, 'TR20260425000033', 1, '客户', 23, 'CUS20260424023', '三快在线科技有限公司', 20, '吴廿一', 5, '赵六', 1, NOW()),
(33, 'TR20260425000033', 2, '线索', 13, 'LD20260424013', '济南软件服务有限公司', 20, '吴廿一', 5, '赵六', 1, NOW());
