-- ============================================================
-- 客户360°全景档案 - 测试数据脚本（30条以上）
-- ============================================================

SET NAMES utf8mb4;
SET CHARACTER SET utf8mb4;
SET collation_connection = utf8mb4_unicode_ci;

-- ============================================
-- 第一部分：初始化客户等级和标签
-- ============================================

-- 客户等级（如果不存在则插入）
INSERT IGNORE INTO `crm_customer_level` (`level_code`, `level_name`, `sort_order`, `description`, `is_enabled`) VALUES
('A', 'A级客户（战略客户）', 1, '战略级重要客户，高价值，长期合作', 1),
('B', 'B级客户（重要客户）', 2, '重要客户，中高价值，稳定合作', 1),
('C', 'C级客户（普通客户）', 3, '普通客户，中等价值，有合作', 1),
('D', 'D级客户（潜在客户）', 4, '潜在客户，低价值，待开发', 1);

-- 客户标签（如果不存在则插入）
INSERT IGNORE INTO `crm_customer_tag` (`tag_name`, `tag_color`, `tag_category`, `sort_order`, `description`, `is_enabled`) VALUES
('高净值', '#1890ff', '价值属性', 1, '高价值客户', 1),
('价格敏感', '#ff4d4f', '价值属性', 2, '对价格敏感', 1),
('长期合作', '#52c41a', '合作属性', 3, '长期稳定合作', 1),
('新客户', '#13c2c2', '合作属性', 4, '新开发客户', 1),
('流失风险', '#faad14', '风险属性', 5, '有流失风险', 1),
('需要跟进', '#722ed1', '跟进属性', 6, '需要重点跟进', 1),
('国企', '#1890ff', '企业属性', 7, '国有企业', 1),
('外企', '#13c2c2', '企业属性', 8, '外资企业', 1),
('民企', '#52c41a', '企业属性', 9, '民营企业', 1),
('上市公司', '#faad14', '企业属性', 10, '上市公司', 1),
('集团公司', '#722ed1', '企业属性', 11, '集团型企业', 1),
('技术驱动', '#1890ff', '行业属性', 12, '技术驱动型企业', 1),
('快速增长', '#52c41a', '发展属性', 13, '快速增长期', 1),
('稳定发展', '#13c2c2', '发展属性', 14, '稳定发展期', 1);

-- ============================================
-- 第二部分：客户数据（35条）
-- ============================================

-- 清空测试数据
-- TRUNCATE TABLE `crm_customer_contact`;
-- TRUNCATE TABLE `crm_customer_follow`;
-- TRUNCATE TABLE `crm_customer_quote`;
-- TRUNCATE TABLE `crm_customer_contract`;
-- TRUNCATE TABLE `crm_customer_payment`;
-- TRUNCATE TABLE `crm_customer_ticket`;
-- TRUNCATE TABLE `crm_customer`;

-- A级客户（战略客户）
INSERT INTO `crm_customer` (`customer_no`, `customer_name`, `short_name`, `customer_type`, `credit_code`, `legal_person`, `registered_capital`, `establish_date`, `business_status`, `business_scope`, `registered_address`, `industry`, `province`, `city`, `district`, `address`, `website`, `email`, `phone`, `employee_count`, `annual_revenue`, `company_scale`, `level_code`, `owner_user_id`, `owner_user_name`, `tags`, `source`, `status`, `first_contact_time`, `create_by`) VALUES
('CUS20260424001', '中国航天科技集团有限公司', '航天科技集团', '1', '911100001000140588', '吴燕生', 2000000.00, '1999-06-29', '存续', '运载火箭、人造卫星、载人飞船、空间站、深空探测器等航天产品的研发、制造、发射、运营；航天技术应用及服务；航天技术转化及民用产品开发；航天相关的技术咨询、技术服务、技术转让等。', '北京市海淀区中关村南大街31号', '航天航空', '北京市', '北京市', '海淀区', '中关村南大街31号航天科技大厦', 'www.spacechina.com', 'info@spacechina.com', '010-68372291', 150000, 25000000.00, '超大型企业', 'A', 1, '管理员', '国企,集团公司,高净值,长期合作', '公开招标', 1, '2025-03-15 10:00:00', 'admin'),
('CUS20260424002', '国家电网有限公司', '国家电网', '1', '9111000071093123XX', '辛保安', 82950000.00, '2002-12-29', '存续', '输电、供电、电力建设；实业投资及经营管理；与电力供应有关的科学研究、技术开发、电力生产调度信息通信、咨询服务；进出口业务；承包境外工程和境内国际招标工程等。', '北京市西城区西长安街86号', '电力能源', '北京市', '北京市', '西城区', '西长安街86号国家电网大厦', 'www.sgcc.com.cn', 'service@sgcc.com.cn', '010-66598888', 1860000, 30000000.00, '超大型企业', 'A', 1, '管理员', '国企,集团公司,高净值,长期合作,电力行业', '公开招标', 1, '2025-02-20 09:30:00', 'admin'),
('CUS20260424003', '华为技术有限公司', '华为技术', '1', '914403001924413109', '赵明', 453236.00, '1987-09-15', '存续', '信息传输、软件和信息技术服务；通信设备制造；计算机软硬件及外围设备制造；集成电路设计；软件开发；技术服务、技术开发、技术咨询、技术交流、技术转让、技术推广等。', '广东省深圳市龙岗区坂田华为总部办公楼', '信息技术', '广东省', '深圳市', '龙岗区', '坂田华为总部办公楼', 'www.huawei.com', 'contact@huawei.com', '0755-28780808', 207000, 89140000.00, '超大型企业', 'A', 1, '管理员', '民企,集团公司,高净值,长期合作,技术驱动,快速增长', '客户推荐', 1, '2024-12-10 14:20:00', 'admin'),
('CUS20260424004', '阿里巴巴集团控股有限公司', '阿里巴巴集团', '1', '91330000745824488D', '张勇', 1500000.00, '1999-09-09', '存续', '电子商务平台运营；云计算服务；数字媒体及娱乐；创新业务；技术服务等。', '浙江省杭州市余杭区文一西路969号', '电子商务', '浙江省', '杭州市', '余杭区', '文一西路969号阿里巴巴西溪园区', 'www.alibabagroup.com', 'info@alibaba-inc.com', '0571-88998888', 252000, 52380000.00, '超大型企业', 'A', 1, '管理员', '民企,集团公司,高净值,长期合作,上市公司,技术驱动', '客户推荐', 1, '2025-01-18 11:00:00', 'admin'),
('CUS20260424005', '腾讯控股有限公司', '腾讯控股', '1', '914403007708803860', '马化腾', 650000.00, '2000-02-24', '存续', '计算机软件、硬件的技术开发、销售；网络技术开发；信息服务；广告业务等。', '广东省深圳市南山区科技园科技中一路腾讯大厦', '互联网科技', '广东省', '深圳市', '南山区', '科技园科技中一路腾讯大厦', 'www.tencent.com', 'service@tencent.com', '0755-86013388', 112000, 60900000.00, '超大型企业', 'A', 1, '管理员', '民企,集团公司,高净值,长期合作,上市公司,技术驱动', '市场活动', 1, '2024-11-25 16:45:00', 'admin');

-- B级客户（重要客户）
INSERT INTO `crm_customer` (`customer_no`, `customer_name`, `short_name`, `customer_type`, `credit_code`, `legal_person`, `registered_capital`, `establish_date`, `business_status`, `industry`, `province`, `city`, `district`, `address`, `website`, `email`, `phone`, `employee_count`, `annual_revenue`, `company_scale`, `level_code`, `owner_user_id`, `owner_user_name`, `tags`, `source`, `status`, `first_contact_time`, `create_by`) VALUES
('CUS20260424006', '北京字节跳动科技有限公司', '字节跳动', '1', '91110108599639320W', '张利东', 100000.00, '2012-03-09', '存续', '信息技术', '北京市', '北京市', '海淀区', '中关村科技园区', 'www.bytedance.com', 'contact@bytedance.com', '010-84188888', 150000, 42000000.00, '大型企业', 'B', 1, '管理员', '民企,高净值,技术驱动,快速增长,新客户', '网站注册', 1, '2025-03-10 09:15:00', 'admin'),
('CUS20260424007', '美团控股有限公司', '美团', '1', '91110000MA00BY0J80', '穆荣均', 500000.00, '2010-03-04', '存续', '本地生活服务', '北京市', '北京市', '朝阳区', '望京SOHO', 'www.meituan.com', 'service@meituan.com', '010-57376666', 100000, 22000000.00, '大型企业', 'B', 1, '管理员', '民企,高净值,上市公司,快速增长', '电话咨询', 1, '2025-02-28 14:30:00', 'admin'),
('CUS20260424008', '京东集团股份有限公司', '京东集团', '1', '911100005636005764', '刘强东', 1397485.00, '2007-04-20', '存续', '电子商务', '北京市', '北京市', '大兴区', '亦庄经济技术开发区', 'www.jd.com', 'service@jd.com', '010-89118888', 360000, 104000000.00, '超大型企业', 'B', 1, '管理员', '民企,集团公司,高净值,长期合作,上市公司', '客户转介绍', 1, '2024-10-15 10:00:00', 'admin'),
('CUS20260424009', '小米科技有限责任公司', '小米科技', '1', '91110108551385082Q', '雷军', 185000.00, '2010-03-03', '存续', '智能硬件', '北京市', '北京市', '海淀区', '清河小米科技园', 'www.mi.com', 'service@xiaomi.com', '010-60606666', 35000, 25000000.00, '大型企业', 'B', 1, '管理员', '民企,高净值,上市公司,技术驱动,快速增长', '市场活动', 1, '2025-03-05 11:20:00', 'admin'),
('CUS20260424010', '百度在线网络技术（北京）有限公司', '百度在线', '1', '91110108726341157B', '李彦宏', 452000.00, '2000-01-18', '存续', '搜索引擎', '北京市', '北京市', '海淀区', '上地十街10号百度大厦', 'www.baidu.com', 'service@baidu.com', '010-59928888', 45000, 12360000.00, '大型企业', 'B', 1, '管理员', '民企,高净值,长期合作,上市公司,技术驱动', '网站注册', 1, '2024-09-20 15:30:00', 'admin');

-- 继续添加B级客户（10条）
INSERT INTO `crm_customer` (`customer_no`, `customer_name`, `short_name`, `customer_type`, `credit_code`, `legal_person`, `registered_capital`, `establish_date`, `business_status`, `industry`, `province`, `city`, `district`, `address`, `website`, `email`, `phone`, `employee_count`, `annual_revenue`, `company_scale`, `level_code`, `owner_user_id`, `owner_user_name`, `tags`, `source`, `status`, `first_contact_time`, `create_by`) VALUES
('CUS20260424011', '网易（杭州）网络有限公司', '网易', '1', '913301087996566435', '丁磊', 100000.00, '2006-06-02', '存续', '互联网游戏', '浙江省', '杭州市', '滨江区', '网易大厦', 'www.netease.com', 'service@netease.com', '0571-89852163', 30000, 10200000.00, '大型企业', 'B', 1, '管理员', '民企,高净值,长期合作,上市公司,价格敏感', '电话咨询', 1, '2024-11-10 09:45:00', 'admin'),
('CUS20260424012', '滴滴出行科技有限公司', '滴滴出行', '1', '911201163007253163', '程维', 50000.00, '2015-07-29', '存续', '出行服务', '天津市', '天津市', '滨海新区', '经济技术开发区', 'www.didi.com', 'service@didi.com', '010-83043700', 15000, 17300000.00, '大型企业', 'B', 1, '管理员', '民企,高净值,快速增长,新客户', '客户推荐', 1, '2025-03-12 14:00:00', 'admin'),
('CUS20260424013', '拼多多（上海）网络科技有限公司', '拼多多', '1', '91310105MA1FW4Y48N', '陈磊', 100000.00, '2015-04-14', '存续', '社交电商', '上海市', '上海市', '长宁区', '娄山关路', 'www.pinduoduo.com', 'service@pinduoduo.com', '021-61897777', 8000, 13050000.00, '大型企业', 'B', 1, '管理员', '民企,高净值,上市公司,快速增长,价格敏感', '市场活动', 1, '2025-02-15 10:30:00', 'admin'),
('CUS20260424014', '理想汽车科技有限公司', '理想汽车', '1', '91320412MA201G4L52', '李想', 100000.00, '2015-04-10', '存续', '新能源汽车', '江苏省', '常州市', '武进区', '武进国家高新技术产业开发区', 'www.lixiang.com', 'service@lixiang.com', '400-686-0900', 12000, 4529000.00, '大型企业', 'B', 1, '管理员', '民企,高净值,上市公司,快速增长,技术驱动', '网站注册', 1, '2025-01-25 16:00:00', 'admin'),
('CUS20260424015', '蔚来汽车科技（安徽）有限公司', '蔚来汽车', '1', '91340100MA2U3Y1F14', '李斌', 50000.00, '2014-11-25', '存续', '新能源汽车', '安徽省', '合肥市', '包河区', '经济技术开发区', 'www.nio.com', 'service@nio.com', '400-999-6699', 8000, 3284000.00, '中型企业', 'B', 1, '管理员', '民企,高净值,上市公司,技术驱动,新客户', '客户转介绍', 1, '2025-03-08 11:15:00', 'admin'),
('CUS20260424016', '小鹏汽车科技有限公司', '小鹏汽车', '1', '91440116MA59DF8F2L', '何小鹏', 60000.00, '2014-06-18', '存续', '新能源汽车', '广东省', '广州市', '黄埔区', '中新广州知识城', 'www.xpeng.com', 'service@xpeng.com', '400-819-3388', 10000, 2685000.00, '中型企业', 'B', 1, '管理员', '民企,高净值,上市公司,技术驱动,价格敏感', '电话咨询', 1, '2024-12-20 14:45:00', 'admin'),
('CUS20260424017', '哔哩哔哩科技有限公司', '哔哩哔哩', '1', '91310110MA1G8F5D5G', '陈睿', 10000.00, '2013-12-23', '存续', '视频分享平台', '上海市', '上海市', '杨浦区', '政立路', 'www.bilibili.com', 'service@bilibili.com', '400-178-2233', 12000, 2190000.00, '中型企业', 'B', 1, '管理员', '民企,高净值,上市公司,快速增长,年轻用户', '市场活动', 1, '2025-02-20 09:30:00', 'admin'),
('CUS20260424018', '快手科技有限公司', '快手', '1', '911101083302476490', '宿华', 100000.00, '2015-03-20', '存续', '短视频平台', '北京市', '北京市', '海淀区', '西二旗', 'www.kuaishou.com', 'service@kuaishou.com', '010-82151111', 20000, 9419000.00, '大型企业', 'B', 1, '管理员', '民企,高净值,上市公司,快速增长,下沉市场', '客户推荐', 1, '2025-01-10 13:20:00', 'admin'),
('CUS20260424019', '携程计算机技术（上海）有限公司', '携程', '1', '913100006073795696', '梁建章', 50000.00, '1994-01-19', '存续', '在线旅游', '上海市', '上海市', '长宁区', '金钟路', 'www.ctrip.com', 'service@ctrip.com', '95010', 40000, 1920000.00, '大型企业', 'B', 1, '管理员', '民企,高净值,长期合作,上市公司', '网站注册', 1, '2024-10-28 15:00:00', 'admin'),
('CUS20260424020', '同程旅行信息技术有限公司', '同程旅行', '1', '91320594MA1M9T3E8Q', '吴志祥', 10000.00, '2004-03-10', '存续', '在线旅游', '江苏省', '苏州市', '工业园区', '工业园区星湖街', 'www.ly.com', 'service@ly.com', '400-777-7777', 15000, 754000.00, '中型企业', 'B', 1, '管理员', '民企,高净值,上市公司,价格敏感', '电话咨询', 1, '2024-11-25 10:45:00', 'admin');

-- C级客户（普通客户，10条）
INSERT INTO `crm_customer` (`customer_no`, `customer_name`, `short_name`, `customer_type`, `credit_code`, `legal_person`, `registered_capital`, `establish_date`, `business_status`, `industry`, `province`, `city`, `district`, `address`, `website`, `email`, `phone`, `employee_count`, `annual_revenue`, `company_scale`, `level_code`, `owner_user_id`, `owner_user_name`, `tags`, `source`, `status`, `first_contact_time`, `create_by`) VALUES
('CUS20260424021', '北京小桔科技有限公司', '小桔科技', '1', '91110108MA00G1Y32K', '程维', 1000.00, '2012-07-10', '存续', '信息技术', '北京市', '北京市', '海淀区', '中关村软件园', 'www.xiaojukeji.com', 'service@xiaojukeji.com', '010-83043700', 2000, 50000.00, '中型企业', 'C', 1, '管理员', '民企,普通客户', '网站注册', 1, '2025-03-15 10:00:00', 'admin'),
('CUS20260424022', '上海拉扎斯信息科技有限公司', '拉扎斯科技', '1', '91310112555975137Y', '王磊', 500.00, '2010-07-07', '存续', '本地生活服务', '上海市', '上海市', '普陀区', '长征镇', 'www.ele.me', 'service@ele.me', '10105757', 10000, 300000.00, '中型企业', 'C', 1, '管理员', '民企,普通客户,饿了么', '客户转介绍', 1, '2025-02-10 14:30:00', 'admin'),
('CUS20260424023', '北京三快在线科技有限公司', '三快在线', '1', '91110108562071327D', '穆荣均', 25000.00, '2011-05-06', '存续', '本地生活服务', '北京市', '北京市', '海淀区', '中关村', 'www.meituan.com', 'service@meituan.com', '010-57376666', 5000, 200000.00, '中型企业', 'C', 1, '管理员', '民企,普通客户,美团外卖', '市场活动', 1, '2025-01-20 09:15:00', 'admin'),
('CUS20260424024', '杭州优行科技有限公司', '优行科技', '1', '913301085995535590', '刘金良', 5000.00, '2015-05-21', '存续', '出行服务', '浙江省', '杭州市', '滨江区', '江陵路', 'www.caocaokeji.com', 'service@caocaokeji.com', '400-699-9999', 5000, 80000.00, '中型企业', 'C', 1, '管理员', '民企,普通客户,曹操出行', '电话咨询', 1, '2024-12-15 16:00:00', 'admin'),
('CUS20260424025', '北京嘀嘀无限科技发展有限公司', '嘀嘀无限', '1', '911101083977954410', '程维', 10000.00, '2014-05-19', '存续', '出行服务', '北京市', '北京市', '海淀区', '中关村软件园', 'www.didichuxing.com', 'service@didichuxing.com', '010-83043700', 3000, 150000.00, '中型企业', 'C', 1, '管理员', '民企,普通客户', '客户推荐', 1, '2024-11-10 10:30:00', 'admin'),
('CUS20260424026', '上海寻梦信息技术有限公司', '寻梦信息', '1', '91310105312465138P', '陈磊', 10000.00, '2014-10-15', '存续', '电子商务', '上海市', '上海市', '长宁区', '娄山关路', 'www.pinduoduo.com', 'service@pinduoduo.com', '021-61897777', 2000, 100000.00, '中型企业', 'C', 1, '管理员', '民企,普通客户,价格敏感', '网站注册', 1, '2024-10-25 14:45:00', 'admin'),
('CUS20260424027', '北京车之家信息技术有限公司', '车之家', '1', '911101087940526417', '陆敏', 20000.00, '2006-08-28', '存续', '汽车媒体', '北京市', '北京市', '海淀区', '中关村', 'www.autohome.com.cn', 'service@autohome.com.cn', '400-898-9666', 1500, 50000.00, '中型企业', 'C', 1, '管理员', '民企,普通客户,上市公司', '市场活动', 1, '2025-03-01 11:20:00', 'admin'),
('CUS20260424028', '北京易车信息科技有限公司', '易车信息', '1', '91110108771952394X', '张序安', 15000.00, '2000-06-01', '存续', '汽车媒体', '北京市', '北京市', '海淀区', '中关村', 'www.yiche.com', 'service@yiche.com', '400-898-9668', 800, 30000.00, '中型企业', 'C', 1, '管理员', '民企,普通客户,上市公司', '电话咨询', 1, '2025-02-05 09:00:00', 'admin'),
('CUS20260424029', '汽车之家（中国）有限公司', '汽车之家', '1', '91110108600411567P', '陆敏', 30000.00, '2005-06-06', '存续', '汽车媒体', '北京市', '北京市', '海淀区', '中关村', 'www.autohome.com.cn', 'service@autohome.com.cn', '400-898-9666', 1200, 80000.00, '中型企业', 'C', 1, '管理员', '民企,普通客户,长期合作', '客户转介绍', 1, '2024-12-10 15:30:00', 'admin'),
('CUS20260424030', '北京天天快递有限公司', '天天快递', '1', '9111010510162474X1', '张近东', 5000.00, '1994-10-01', '存续', '物流快递', '北京市', '北京市', '朝阳区', '望京', 'www.ttkdex.com', 'service@ttkdex.com', '400-188-8888', 2000, 100000.00, '中型企业', 'C', 1, '管理员', '民企,普通客户,物流行业', '网站注册', 1, '2024-11-20 13:15:00', 'admin');

-- D级客户（潜在客户，5条）
INSERT INTO `crm_customer` (`customer_no`, `customer_name`, `short_name`, `customer_type`, `credit_code`, `legal_person`, `registered_capital`, `establish_date`, `business_status`, `industry`, `province`, `city`, `district`, `address`, `website`, `email`, `phone`, `employee_count`, `annual_revenue`, `company_scale`, `level_code`, `owner_user_id`, `owner_user_name`, `tags`, `source`, `status`, `first_contact_time`, `create_by`) VALUES
('CUS20260424031', '北京新兴科技有限公司', '新兴科技', '1', '91110108MA0123456K', '张三', 100.00, '2020-01-01', '存续', '信息技术', '北京市', '北京市', '海淀区', '中关村创业园', 'www.xxkj.com', 'info@xxkj.com', '010-12345678', 50, 500.00, '小型企业', 'D', 1, '管理员', '民企,潜在客户,需要跟进', '网站注册', 0, '2025-03-20 10:00:00', 'admin'),
('CUS20260424032', '上海创新软件有限公司', '创新软件', '1', '91310108MA0123456L', '李四', 50.00, '2021-03-15', '存续', '软件开发', '上海市', '上海市', '浦东新区', '张江高科技园区', 'www.cxsoft.com', 'info@cxsoft.com', '021-87654321', 30, 300.00, '小型企业', 'D', 1, '管理员', '民企,潜在客户,价格敏感', '电话咨询', 0, '2025-03-18 14:30:00', 'admin'),
('CUS20260424033', '广州智慧科技有限公司', '智慧科技', '1', '91440108MA0123456M', '王五', 200.00, '2019-06-20', '存续', '人工智能', '广东省', '广州市', '天河区', '珠江新城', 'www.zhkj.com', 'info@zhkj.com', '020-11112222', 80, 800.00, '小型企业', 'D', 1, '管理员', '民企,潜在客户,技术驱动,高净值', '市场活动', 0, '2025-03-15 11:20:00', 'admin'),
('CUS20260424034', '深圳未来科技有限公司', '未来科技', '1', '91440308MA0123456N', '赵六', 150.00, '2022-02-10', '存续', '区块链', '广东省', '深圳市', '南山区', '科技园', 'www.wlkj.com', 'info@wlkj.com', '0755-33334444', 40, 400.00, '小型企业', 'D', 1, '管理员', '民企,潜在客户,新客户', '客户推荐', 0, '2025-03-10 09:15:00', 'admin'),
('CUS20260424035', '杭州云端科技有限公司', '云端科技', '1', '91330108MA0123456P', '孙七', 80.00, '2020-08-25', '存续', '云计算', '浙江省', '杭州市', '西湖区', '梦想小镇', 'www.yunduan.com', 'info@yunduan.com', '0571-55556666', 25, 250.00, '小型企业', 'D', 1, '管理员', '民企,潜在客户,需要跟进', '网站注册', 0, '2025-03-05 15:45:00', 'admin');

-- ============================================
-- 第三部分：联系人数据（每个客户至少1个联系人）
-- ============================================

-- 清空联系人数据
-- TRUNCATE TABLE `crm_customer_contact`;

-- A级客户联系人
INSERT INTO `crm_customer_contact` (`customer_id`, `contact_name`, `contact_position`, `contact_department`, `mobile`, `phone`, `email`, `wechat`, `is_key_contact`, `is_primary`, `sort_order`) VALUES
(1, '吴燕生', '董事长', '董事会', '13900010001', '010-68372291', 'wuys@spacechina.com', 'wuys_space', 1, 1, 1),
(1, '徐强', '总经理', '经营管理部', '13900010002', '010-68372292', 'xuqiang@spacechina.com', 'xuqiang_space', 1, 0, 2),
(2, '辛保安', '董事长', '董事会', '13900020001', '010-66598888', 'xinba@sgcc.com.cn', 'xinba_sgcc', 1, 1, 1),
(2, '王敏', '副总经理', '信息化部', '13900020002', '010-66598889', 'wangmin@sgcc.com.cn', 'wangmin_sgcc', 1, 0, 2),
(3, '赵明', '董事长', '董事会', '13900030001', '0755-28780808', 'zhaoming@huawei.com', 'zhaoming_hw', 1, 1, 1),
(3, '余承东', '消费者业务CEO', '消费者业务群', '13900030002', '0755-28780809', 'yucd@huawei.com', 'yucd_hw', 1, 0, 2),
(4, '张勇', 'CEO', '集团管理层', '13900040001', '0571-88998888', 'zhangyong@alibaba-inc.com', 'zhangyong_ali', 1, 1, 1),
(4, '蔡崇信', '执行副主席', '集团管理层', '13900040002', '0571-88998889', 'caicx@alibaba-inc.com', 'caicx_ali', 1, 0, 2),
(5, '马化腾', '董事会主席', '董事会', '13900050001', '0755-86013388', 'maht@tencent.com', 'maht_tx', 1, 1, 1),
(5, '刘炽平', '执行董事', '投资部', '13900050002', '0755-86013389', 'liucp@tencent.com', 'liucp_tx', 1, 0, 2);

-- B级客户联系人（部分）
INSERT INTO `crm_customer_contact` (`customer_id`, `contact_name`, `contact_position`, `contact_department`, `mobile`, `phone`, `email`, `wechat`, `is_key_contact`, `is_primary`, `sort_order`) VALUES
(6, '张利东', '董事长', '董事会', '13900060001', '010-84188888', 'zhangld@bytedance.com', 'zhangld_bd', 1, 1, 1),
(7, '穆荣均', 'CEO', '集团管理层', '13900070001', '010-57376666', 'murj@meituan.com', 'murj_mt', 1, 1, 1),
(8, '刘强东', '创始人', '董事会', '13900080001', '010-89118888', 'liuqiangdong@jd.com', 'liuqiangdong_jd', 1, 1, 1),
(9, '雷军', '董事长', '董事会', '13900090001', '010-60606666', 'leijun@xiaomi.com', 'leijun_mi', 1, 1, 1),
(10, '李彦宏', '董事长', '董事会', '13900100001', '010-59928888', 'liyanhong@baidu.com', 'liyanhong_bd', 1, 1, 1),
(11, '丁磊', '董事长', '董事会', '13900110001', '0571-89852163', 'dinglei@netease.com', 'dinglei_163', 1, 1, 1),
(12, '程维', '董事长', '董事会', '13900120001', '010-83043700', 'chengwei@didi.com', 'chengwei_didi', 1, 1, 1),
(13, '陈磊', 'CEO', '集团管理层', '13900130001', '021-61897777', 'chenlei@pinduoduo.com', 'chenlei_pdd', 1, 1, 1),
(14, '李想', '董事长', '董事会', '13900140001', '400-686-0900', 'lixiang@lixiang.com', 'lixiang_auto', 1, 1, 1),
(15, '李斌', '董事长', '董事会', '13900150001', '400-999-6699', 'libin@nio.com', 'libin_nio', 1, 1, 1);

-- C级和D级客户联系人（部分）
INSERT INTO `crm_customer_contact` (`customer_id`, `contact_name`, `contact_position`, `contact_department`, `mobile`, `phone`, `email`, `is_key_contact`, `is_primary`, `sort_order`) VALUES
(16, '何小鹏', '董事长', '董事会', '13900160001', '400-819-3388', 'hexp@xpeng.com', 1, 1, 1),
(17, '陈睿', 'CEO', '集团管理层', '13900170001', '400-178-2233', 'chenr@bilibili.com', 1, 1, 1),
(18, '宿华', '董事长', '董事会', '13900180001', '010-82151111', 'suh@kuaishou.com', 1, 1, 1),
(19, '梁建章', 'CEO', '集团管理层', '13900190001', '95010', 'liangjx@ctrip.com', 1, 1, 1),
(20, '吴志祥', '创始人', '董事会', '13900200001', '400-777-7777', 'wuzhx@ly.com', 1, 1, 1),
(21, '程维', 'CEO', '管理层', '13900210001', '010-83043700', 'chengwei@xiaojukeji.com', 1, 1, 1),
(22, '王磊', 'CEO', '管理层', '13900220001', '10105757', 'wanglei@ele.me', 1, 1, 1),
(23, '穆荣均', 'CEO', '管理层', '13900230001', '010-57376666', 'murj@meituan.com', 1, 1, 1),
(24, '刘金良', '董事长', '董事会', '13900240001', '400-699-9999', 'liujl@caocaokeji.com', 1, 1, 1),
(25, '程维', 'CEO', '管理层', '13900250001', '010-83043700', 'chengwei@didichuxing.com', 1, 1, 1),
(26, '陈磊', 'CEO', '管理层', '13900260001', '021-61897777', 'chenlei@pinduoduo.com', 1, 1, 1),
(27, '陆敏', '董事长', '董事会', '13900270001', '400-898-9666', 'lumin@autohome.com.cn', 1, 1, 1),
(28, '张序安', 'CEO', '管理层', '13900280001', '400-898-9668', 'zhangxa@yiche.com', 1, 1, 1),
(29, '陆敏', '董事长', '董事会', '13900290001', '400-898-9666', 'lumin@autohome.com.cn', 1, 1, 1),
(30, '张近东', '董事长', '董事会', '13900300001', '400-188-8888', 'zhangjd@ttkdex.com', 1, 1, 1),
(31, '张三', '总经理', '公司管理层', '13800010031', '010-12345678', 'zhangsan@xxkj.com', 0, 1, 1),
(32, '李四', '总经理', '公司管理层', '13800010032', '021-87654321', 'lisi@cxsoft.com', 0, 1, 1),
(33, '王五', '总经理', '公司管理层', '13800010033', '020-11112222', 'wangwu@zhkj.com', 0, 1, 1),
(34, '赵六', '总经理', '公司管理层', '13800010034', '0755-33334444', 'zhaoliu@wlkj.com', 0, 1, 1),
(35, '孙七', '总经理', '公司管理层', '13800010035', '0571-55556666', 'sunqi@yunduan.com', 0, 1, 1);

-- ============================================
-- 第四部分：跟进记录数据（10条）
-- ============================================

INSERT INTO `crm_customer_follow` (`customer_id`, `follow_user_id`, `follow_user_name`, `follow_type`, `follow_content`, `next_follow_time`, `next_follow_remark`, `is_last`) VALUES
(1, 1, '管理员', 4, '拜访航天科技集团，与吴燕生董事长进行了深入交流。客户对我们的企业管理系统表示浓厚兴趣，特别是在项目管理和数据分析方面的需求。约定下周进行详细演示和方案沟通。', '2026-04-28 10:00:00', '准备详细演示方案，重点展示项目管理模块', 1),
(2, 1, '管理员', 1, '电话跟进国家电网信息化部门。王敏副总经理表示正在进行数字化转型项目招标，我们的方案已经进入第二轮。需要准备更详细的技术方案和案例分享。', '2026-04-29 14:00:00', '准备技术方案和案例资料', 1),
(3, 1, '管理员', 2, '微信沟通华为余承东总。对方表示对我们的库存管理模块非常感兴趣，特别是针对供应链优化的功能。建议安排产品经理进行深度沟通。', '2026-04-27 11:00:00', '安排产品经理对接', 1),
(4, 1, '管理员', 1, '电话联系阿里巴巴张勇总。对方表示对我们的客户关系管理系统有需求，但目前他们有自己的系统。需要了解更详细的差异化优势。', '2026-04-30 09:30:00', '准备差异化优势分析报告', 1),
(5, 1, '管理员', 4, '拜访腾讯马化腾总。对方对我们的数据分析和可视化展示功能表示认可。建议先进行小范围试点，再决定是否全面推广。', '2026-05-05 15:00:00', '准备试点方案', 1),
(6, 1, '管理员', 3, '邮件发送给字节跳动张利东总，包含产品报价和详细方案。等待对方回复。', '2026-04-26 16:00:00', '跟进邮件回复情况', 1),
(7, 1, '管理员', 1, '电话沟通美团穆荣均总。对方表示正在进行供应商评估，我们的方案已入围。需要准备演示环境。', '2026-04-28 09:00:00', '准备演示环境', 1),
(8, 1, '管理员', 2, '微信沟通京东刘强东总。对方表示对我们的仓储管理系统有兴趣，但需要更详细的成本分析。', '2026-04-29 10:00:00', '准备成本分析报告', 1),
(9, 1, '管理员', 4, '拜访小米雷军总。对方对我们的智能制造解决方案非常感兴趣，特别是在生产执行系统方面。约定进行深入技术交流。', '2026-05-08 14:00:00', '安排技术团队交流', 1),
(10, 1, '管理员', 1, '电话跟进百度李彦宏总。对方表示正在评估多个供应商，我们的AI相关功能有一定优势。需要准备更多AI案例。', '2026-04-27 11:30:00', '准备AI应用案例', 1);

-- ============================================
-- 第五部分：历史报价数据（8条）
-- ============================================

INSERT INTO `crm_customer_quote` (`customer_id`, `quote_no`, `quote_name`, `quote_amount`, `quote_date`, `valid_date`, `status`, `description`) VALUES
(1, 'QT20260401001', '航天科技集团企业管理系统报价', 2500000.00, '2026-04-01', '2026-05-01', 1, '包含项目管理、数据分析、流程审批等核心模块，1000用户授权'),
(2, 'QT20260402002', '国家电网数字化转型系统报价', 8000000.00, '2026-04-02', '2026-05-02', 0, '包含库存管理、生产管理、质量管理等模块，5000用户授权'),
(3, 'QT20260403003', '华为供应链优化系统报价', 3500000.00, '2026-04-03', '2026-05-03', 1, '包含需求预测、库存优化、供应商管理等模块'),
(4, 'QT20260404004', '阿里巴巴客户关系管理系统报价', 4200000.00, '2026-04-04', '2026-05-04', 2, '包含客户360视图、销售自动化、营销自动化等模块'),
(5, 'QT20260405005', '腾讯数据分析平台报价', 1800000.00, '2026-04-05', '2026-05-05', 0, '包含数据可视化、报表分析、数据挖掘等模块'),
(6, 'QT20260406006', '字节跳动人力资源管理系统报价', 1200000.00, '2026-04-06', '2026-05-06', 0, '包含招聘管理、考勤管理、薪酬管理等模块'),
(7, 'QT20260407007', '美团外卖配送管理系统报价', 2800000.00, '2026-04-07', '2026-05-07', 0, '包含路径优化、调度管理、骑手管理等模块'),
(8, 'QT20260408008', '京东仓储管理系统报价', 3200000.00, '2026-04-08', '2026-05-08', 0, '包含入库管理、出库管理、库存盘点等模块');

-- ============================================
-- 第六部分：合同订单数据（6条）
-- ============================================

INSERT INTO `crm_customer_contract` (`customer_id`, `contract_no`, `contract_name`, `contract_type`, `contract_amount`, `signed_date`, `start_date`, `end_date`, `status`, `description`) VALUES
(1, 'HT20260401001', '航天科技集团企业管理系统采购合同', '软件采购', 2500000.00, '2026-04-10', '2026-04-15', '2027-04-14', 1, '包含项目管理、数据分析、流程审批等核心模块，1000用户授权，年服务费25万'),
(3, 'HT20260402002', '华为供应链优化系统采购合同', '软件采购', 3500000.00, '2026-04-15', '2026-04-20', '2027-04-19', 2, '包含需求预测、库存优化、供应商管理等模块，年服务费35万'),
(9, 'HT20260403003', '小米智能制造解决方案合同', '软件采购', 1200000.00, '2026-04-18', '2026-04-20', '2027-04-19', 1, '包含生产执行系统MES核心模块，年服务费12万'),
(10, 'HT20260404004', '百度数据分析平台采购合同', '软件采购', 800000.00, '2026-04-20', '2026-04-25', '2027-04-24', 1, '包含数据可视化、报表分析模块，年服务费8万'),
(11, 'HT20260405005', '网易游戏运营管理系统合同', '软件采购', 1500000.00, '2026-04-22', '2026-04-25', '2027-04-24', 2, '包含用户管理、运营分析、数据统计等模块'),
(17, 'HT20260406006', '哔哩哔哩内容管理系统合同', '软件采购', 600000.00, '2026-04-25', '2026-04-28', '2027-04-27', 1, '包含内容审核、发布管理、数据分析等模块');

-- ============================================
-- 第七部分：回款流水数据（8条）
-- ============================================

INSERT INTO `crm_customer_payment` (`customer_id`, `contract_id`, `payment_no`, `payment_amount`, `payment_date`, `payment_method`, `payment_status`, `description`) VALUES
(1, 1, 'HK20260410001', 750000.00, '2026-04-10', '2', 1, '航天科技集团企业管理系统首付款30%'),
(1, 1, 'HK20260415002', 875000.00, '2026-04-15', '2', 1, '航天科技集团企业管理系统验收款35%'),
(1, 1, 'HK20260510003', 875000.00, '2026-05-10', '2', 1, '航天科技集团企业管理系统尾款35%'),
(3, 2, 'HK20260415004', 1050000.00, '2026-04-15', '2', 1, '华为供应链优化系统首付款30%'),
(3, 2, 'HK20260420005', 1225000.00, '2026-04-20', '2', 1, '华为供应链优化系统验收款35%'),
(9, 3, 'HK20260418006', 360000.00, '2026-04-18', '2', 1, '小米智能制造解决方案首付款30%'),
(10, 4, 'HK20260420007', 240000.00, '2026-04-20', '2', 1, '百度数据分析平台首付款30%'),
(11, 5, 'HK20260422008', 450000.00, '2026-04-22', '2', 1, '网易游戏运营管理系统首付款30%');

-- ============================================
-- 第八部分：售后工单数据（5条）
-- ============================================

INSERT INTO `crm_customer_ticket` (`customer_id`, `ticket_no`, `ticket_title`, `ticket_type`, `priority`, `status`, `description`, `solution`, `assignee_user_id`, `assignee_user_name`, `create_user_id`, `create_user_name`, `resolved_time`) VALUES
(1, 'TK20260420001', '系统登录响应慢', '2', 1, 2, '客户反馈企业管理系统登录响应时间超过5秒，影响使用体验。', '已优化数据库查询语句，增加了索引，响应时间已降至1秒以内。', 1, '管理员', 1, '管理员', '2026-04-21 10:30:00'),
(3, 'TK20260421002', '需求预测模块计算异常', '2', 1, 1, '客户反馈需求预测模块在计算某些SKU时出现异常结果。', '正在排查问题，已收集日志文件，技术团队正在分析。', 1, '管理员', 1, '管理员', NULL),
(9, 'TK20260422003', '生产工单无法提交', '2', 2, 2, '客户反馈生产管理系统中，部分工单无法正常提交保存。', '已定位问题为表单校验逻辑问题，已修复并更新到生产环境。', 1, '管理员', 1, '管理员', '2026-04-22 16:00:00'),
(10, 'TK20260423004', '报表导出功能故障', '2', 2, 0, '客户反馈数据分析平台的报表导出功能无法正常使用，导出文件为空。', '', 1, '管理员', 1, '管理员', NULL),
(1, 'TK20260424005', '新功能需求咨询', '1', 3, 2, '客户咨询是否支持移动端审批功能，以及何时能够上线。', '已与产品团队确认，移动端审批功能将在下个版本中上线，预计2026年6月发布。已向客户说明详细时间安排。', 1, '管理员', 1, '管理员', '2026-04-24 11:00:00');

-- ============================================
-- 执行完成提示
-- ============================================

SELECT 
    '测试数据初始化完成' AS message,
    (SELECT COUNT(*) FROM `crm_customer`) AS 客户总数,
    (SELECT COUNT(*) FROM `crm_customer_contact`) AS 联系人数,
    (SELECT COUNT(*) FROM `crm_customer_follow`) AS 跟进记录数,
    (SELECT COUNT(*) FROM `crm_customer_quote`) AS 报价记录数,
    (SELECT COUNT(*) FROM `crm_customer_contract`) AS 合同订单数,
    (SELECT COUNT(*) FROM `crm_customer_payment`) AS 回款流水数,
    (SELECT COUNT(*) FROM `crm_customer_ticket`) AS 售后工单数;
